Player,Pos,Games GS,Receiving Tgt,Receiving Rec,Receiving Yds,Receiving TD,Receiving 1D,Receiving Lng,Receiving R/G,Receiving Y/G,Rushing Att,Rushing Yds,Rushing TD,Rushing 1D,Total Yds Touch,Total Yds YScm,RRTD,Year,Fpts
Jonathan Taylor,RB,17.0,51.0,40.0,360.0,2.0,12.0,76.0,2.4,21.2,332.0,1811.0,18.0,107.0,372.0,2171.0,20.0,2021,349.1
Cooper Kupp,WR,17.0,191.0,145.0,1947.0,16.0,89.0,59.0,8.5,114.5,4.0,18.0,0.0,1.0,149.0,1965.0,16.0,2021,365.00000000000006
Deebo Samuel,WR,15.0,121.0,77.0,1405.0,6.0,51.0,83.0,4.8,87.8,59.0,365.0,8.0,21.0,136.0,1770.0,14.0,2021,291.5
Najee Harris,RB,17.0,94.0,74.0,467.0,3.0,22.0,25.0,4.4,27.5,307.0,1200.0,7.0,62.0,381.0,1667.0,10.0,2021,263.7
Justin Jefferson,WR,17.0,167.0,108.0,1616.0,10.0,75.0,56.0,6.4,95.1,6.0,14.0,0.0,1.0,114.0,1630.0,10.0,2021,275.0
Austin Ekeler,RB,16.0,94.0,70.0,647.0,8.0,31.0,40.0,4.4,40.4,206.0,911.0,12.0,53.0,276.0,1558.0,20.0,2021,302.8
Davante Adams,WR,16.0,169.0,123.0,1553.0,11.0,84.0,59.0,7.7,97.1,0.0,0.0,0.0,0.0,123.0,1553.0,11.0,2021,282.8
Joe Mixon,RB,16.0,48.0,42.0,314.0,3.0,11.0,52.0,2.6,19.6,292.0,1205.0,13.0,60.0,334.0,1519.0,16.0,2021,264.9
Ja'Marr Chase,WR,17.0,128.0,81.0,1455.0,13.0,56.0,82.0,4.8,85.6,7.0,21.0,0.0,2.0,88.0,1476.0,13.0,2021,262.1
Nick Chubb,RB,14.0,25.0,20.0,174.0,1.0,9.0,40.0,1.4,12.4,228.0,1259.0,8.0,61.0,248.0,1433.0,9.0,2021,203.3
Dalvin Cook,RB,13.0,49.0,34.0,224.0,0.0,9.0,24.0,2.6,17.2,249.0,1159.0,6.0,57.0,283.0,1383.0,6.0,2021,185.3
Mark Andrews,TE,9.0,153.0,107.0,1361.0,9.0,75.0,43.0,6.3,80.1,1.0,0.0,0.0,0.0,108.0,1361.0,9.0,2021,241.6
Alvin Kamara,RB,10.0,67.0,47.0,439.0,5.0,20.0,31.0,3.6,33.8,240.0,898.0,4.0,42.0,287.0,1337.0,9.0,2021,211.2
Tyreek Hill,WR,16.0,159.0,111.0,1239.0,9.0,75.0,75.0,6.5,72.9,9.0,96.0,0.0,4.0,120.0,1335.0,9.0,2021,239.0
Antonio Gibson,RB,14.0,52.0,42.0,294.0,3.0,12.0,73.0,2.6,18.4,258.0,1037.0,7.0,65.0,300.0,1331.0,10.0,2021,202.1
Ezekiel Elliott,RB,17.0,65.0,47.0,287.0,2.0,17.0,21.0,2.8,16.9,237.0,1002.0,10.0,55.0,284.0,1289.0,12.0,2021,222.4
Leonard Fournette,RB,13.0,84.0,69.0,454.0,2.0,30.0,23.0,4.9,32.4,180.0,812.0,8.0,45.0,249.0,1266.0,10.0,2021,219.1
Stefon Diggs,WR,17.0,164.0,103.0,1225.0,10.0,66.0,61.0,6.1,72.1,0.0,0.0,0.0,0.0,103.0,1225.0,10.0,2021,232.0
Josh Jacobs,RB,14.0,64.0,54.0,348.0,0.0,14.0,29.0,3.6,23.2,217.0,872.0,9.0,45.0,271.0,1220.0,9.0,2021,199.0
Javonte Williams,RB,1.0,53.0,43.0,316.0,3.0,12.0,42.0,2.5,18.6,203.0,903.0,4.0,52.0,246.0,1219.0,7.0,2021,181.4
Diontae Johnson,WR,14.0,169.0,107.0,1161.0,8.0,59.0,50.0,6.7,72.6,5.0,53.0,0.0,2.0,112.0,1214.0,8.0,2021,218.90000000000003
D.J. Moore,WR,17.0,163.0,93.0,1157.0,4.0,60.0,64.0,5.5,68.1,8.0,48.0,0.0,4.0,101.0,1205.0,4.0,2021,189.0
Aaron Jones,RB,15.0,65.0,52.0,391.0,6.0,22.0,26.0,3.5,26.1,171.0,799.0,4.0,37.0,223.0,1190.0,10.0,2021,201.0
Tyler Lockett,WR,16.0,107.0,73.0,1175.0,8.0,41.0,69.0,4.6,73.4,2.0,9.0,0.0,0.0,75.0,1184.0,8.0,2021,202.9
CeeDee Lamb,WR,13.0,120.0,79.0,1102.0,6.0,54.0,49.0,4.9,68.9,9.0,76.0,0.0,4.0,88.0,1178.0,6.0,2021,193.3
Cordarrelle Patterson,RB,13.0,69.0,52.0,548.0,5.0,26.0,64.0,3.3,34.3,153.0,618.0,6.0,29.0,205.0,1166.0,11.0,2021,204.6
David Montgomery,RB,13.0,51.0,42.0,301.0,0.0,18.0,16.0,3.2,23.2,225.0,849.0,7.0,55.0,267.0,1150.0,7.0,2021,176.0
Mike Williams,WR,14.0,129.0,76.0,1146.0,9.0,51.0,72.0,4.8,71.6,0.0,0.0,0.0,0.0,76.0,1146.0,9.0,2021,206.6
Keenan Allen,WR,16.0,157.0,106.0,1138.0,6.0,66.0,42.0,6.6,71.1,0.0,0.0,0.0,0.0,106.0,1138.0,6.0,2021,200.8
Melvin Gordon,RB,16.0,38.0,28.0,213.0,2.0,9.0,30.0,1.8,13.3,203.0,918.0,8.0,48.0,231.0,1131.0,10.0,2021,181.1
Travis Kelce,TE,16.0,134.0,92.0,1125.0,9.0,63.0,69.0,5.8,70.3,2.0,3.0,1.0,1.0,94.0,1128.0,10.0,2021,216.8
James Conner,RB,6.0,39.0,37.0,375.0,3.0,18.0,45.0,2.5,25.0,202.0,752.0,15.0,53.0,239.0,1127.0,18.0,2021,235.2
Michael Pittman Jr.,WR,17.0,129.0,88.0,1082.0,6.0,54.0,57.0,5.2,63.6,5.0,44.0,0.0,1.0,93.0,1126.0,6.0,2021,190.6
Chris Godwin,WR,14.0,127.0,98.0,1103.0,5.0,55.0,44.0,7.0,78.8,4.0,21.0,1.0,4.0,102.0,1124.0,6.0,2021,193.4
AJ Dillon,RB,2.0,37.0,34.0,313.0,2.0,15.0,50.0,2.0,18.4,187.0,803.0,5.0,50.0,221.0,1116.0,7.0,2021,166.60000000000002
Elijah Mitchell,RB,10.0,20.0,19.0,137.0,1.0,6.0,14.0,1.7,12.5,207.0,963.0,5.0,47.0,226.0,1100.0,6.0,2021,155.5
Devin Singletary,RB,16.0,50.0,40.0,228.0,1.0,11.0,19.0,2.4,13.4,188.0,870.0,7.0,44.0,228.0,1098.0,8.0,2021,167.8
Derrick Henry,RB,8.0,20.0,18.0,154.0,0.0,7.0,16.0,2.3,19.3,219.0,937.0,10.0,49.0,237.0,1091.0,10.0,2021,176.1
Tee Higgins,WR,14.0,110.0,74.0,1091.0,6.0,53.0,54.0,5.3,77.9,0.0,0.0,0.0,0.0,74.0,1091.0,6.0,2021,180.10000000000002
Darnell Mooney,WR,14.0,140.0,81.0,1055.0,4.0,49.0,64.0,4.8,62.1,6.0,32.0,1.0,2.0,87.0,1087.0,5.0,2021,179.2
D'Andre Swift,RB,4.0,78.0,62.0,452.0,2.0,18.0,63.0,4.8,34.8,151.0,617.0,5.0,28.0,213.0,1069.0,7.0,2021,175.9
Terry McLaurin,WR,17.0,130.0,77.0,1053.0,5.0,47.0,46.0,4.5,61.9,1.0,12.0,0.0,1.0,78.0,1065.0,5.0,2021,175.0
Damien Harris,RB,15.0,21.0,18.0,132.0,0.0,4.0,21.0,1.2,8.8,202.0,929.0,15.0,55.0,220.0,1061.0,15.0,2021,201.1
Brandin Cooks,WR,16.0,134.0,90.0,1037.0,6.0,45.0,52.0,5.6,64.8,2.0,21.0,0.0,1.0,92.0,1058.0,6.0,2021,186.8
Tony Pollard,RB,0.0,46.0,39.0,337.0,0.0,15.0,32.0,2.6,22.5,130.0,719.0,2.0,35.0,169.0,1056.0,2.0,2021,133.10000000000002
Mike Evans,WR,16.0,114.0,74.0,1035.0,14.0,56.0,46.0,4.6,64.7,1.0,10.0,0.0,1.0,75.0,1045.0,14.0,2021,225.5
Hunter Renfrow,WR,9.0,128.0,103.0,1038.0,9.0,51.0,54.0,6.1,61.1,3.0,3.0,0.0,0.0,106.0,1041.0,9.0,2021,199.6
Kyle Pitts,TE,15.0,110.0,68.0,1026.0,1.0,43.0,61.0,4.0,60.4,0.0,0.0,0.0,0.0,68.0,1026.0,1.0,2021,142.60000000000002
Jaylen Waddle,WR,16.0,140.0,104.0,1015.0,6.0,59.0,57.0,6.5,63.4,2.0,3.0,1.0,1.0,106.0,1018.0,7.0,2021,191.8
Marquise Brown,WR,16.0,146.0,91.0,1008.0,6.0,41.0,49.0,5.7,63.0,1.0,5.0,0.0,1.0,92.0,1013.0,6.0,2021,176.8
Darrel Williams,RB,7.0,57.0,47.0,452.0,2.0,19.0,38.0,2.8,26.6,144.0,558.0,6.0,40.0,191.0,1010.0,8.0,2021,172.5
Christian Kirk,WR,11.0,103.0,77.0,982.0,5.0,44.0,50.0,4.5,57.8,1.0,11.0,0.0,1.0,78.0,993.0,5.0,2021,167.79999999999998
James Robinson,RB,13.0,46.0,31.0,222.0,0.0,9.0,26.0,2.2,15.9,164.0,767.0,8.0,41.0,195.0,989.0,8.0,2021,154.4
D.K. Metcalf,WR,17.0,129.0,75.0,967.0,12.0,48.0,84.0,4.4,56.9,1.0,6.0,0.0,0.0,76.0,973.0,12.0,2021,204.8
Sony Michel,RB,7.0,33.0,21.0,128.0,1.0,6.0,24.0,1.2,7.5,208.0,845.0,4.0,49.0,229.0,973.0,5.0,2021,135.8
Amon-Ra St. Brown,WR,9.0,119.0,90.0,912.0,5.0,48.0,37.0,5.3,53.6,7.0,61.0,1.0,2.0,97.0,973.0,6.0,2021,178.29999999999998
Michael Carter,RB,11.0,55.0,36.0,325.0,0.0,16.0,23.0,2.6,23.2,147.0,639.0,4.0,29.0,183.0,964.0,4.0,2021,136.4
Chase Claypool,WR,13.0,105.0,59.0,860.0,2.0,35.0,59.0,3.9,57.3,14.0,96.0,0.0,7.0,73.0,956.0,2.0,2021,137.1
George Kittle,TE,14.0,94.0,71.0,910.0,6.0,42.0,48.0,5.1,65.0,3.0,20.0,0.0,0.0,74.0,930.0,6.0,2021,160.5
Kendrick Bourne,WR,5.0,70.0,55.0,800.0,5.0,27.0,75.0,3.2,47.1,12.0,125.0,0.0,7.0,67.0,925.0,5.0,2021,148.0
DeVonta Smith,WR,16.0,104.0,64.0,916.0,5.0,43.0,46.0,3.8,53.9,0.0,0.0,0.0,0.0,64.0,916.0,5.0,2021,151.60000000000002
Miles Sanders,RB,12.0,34.0,26.0,158.0,0.0,6.0,25.0,2.2,13.2,137.0,754.0,0.0,33.0,163.0,912.0,0.0,2021,102.2
Chase Edmonds,RB,11.0,53.0,43.0,311.0,0.0,11.0,36.0,3.6,25.9,116.0,592.0,2.0,32.0,159.0,903.0,2.0,2021,121.8
A.J. Brown,WR,13.0,105.0,63.0,869.0,5.0,45.0,57.0,4.8,66.8,2.0,10.0,0.0,1.0,65.0,879.0,5.0,2021,149.4
Jakobi Meyers,WR,16.0,126.0,83.0,866.0,2.0,42.0,39.0,4.9,50.9,1.0,9.0,0.0,0.0,84.0,875.0,2.0,2021,139.00000000000003
Amari Cooper,WR,14.0,104.0,68.0,865.0,8.0,45.0,41.0,4.5,57.7,0.0,0.0,0.0,0.0,68.0,865.0,8.0,2021,166.5
Darrell Henderson,RB,10.0,40.0,29.0,176.0,3.0,8.0,25.0,2.4,14.7,149.0,688.0,5.0,39.0,178.0,864.0,8.0,2021,148.9
Devontae Booker,RB,4.0,45.0,40.0,268.0,1.0,11.0,41.0,2.5,16.8,145.0,593.0,2.0,31.0,185.0,861.0,3.0,2021,124.1
Saquon Barkley,RB,13.0,57.0,41.0,263.0,2.0,13.0,54.0,3.2,20.2,162.0,593.0,2.0,27.0,203.0,856.0,4.0,2021,126.1
Tyler Boyd,WR,10.0,94.0,67.0,828.0,5.0,37.0,68.0,4.2,51.8,2.0,22.0,0.0,1.0,69.0,850.0,5.0,2021,146.5
A.J. Green,WR,9.0,92.0,54.0,848.0,3.0,37.0,42.0,3.4,53.0,0.0,0.0,0.0,0.0,54.0,848.0,3.0,2021,129.8
Myles Gaskin,RB,10.0,63.0,49.0,234.0,4.0,13.0,24.0,2.9,13.8,173.0,612.0,3.0,25.0,222.0,846.0,7.0,2021,147.10000000000002
Brandon Aiyuk,WR,16.0,84.0,56.0,826.0,5.0,37.0,43.0,3.3,48.6,5.0,17.0,0.0,0.0,61.0,843.0,5.0,2021,138.3
Marvin Jones,WR,16.0,120.0,73.0,832.0,4.0,42.0,33.0,4.3,48.9,0.0,0.0,0.0,0.0,73.0,832.0,4.0,2021,143.7
Dallas Goedert,TE,14.0,76.0,56.0,830.0,4.0,42.0,45.0,3.7,55.3,0.0,0.0,0.0,0.0,56.0,830.0,4.0,2021,133.0
Van Jefferson,WR,17.0,89.0,50.0,802.0,6.0,32.0,79.0,2.9,47.2,2.0,20.0,0.0,1.0,52.0,822.0,6.0,2021,143.2
Dalton Schultz,TE,15.0,104.0,78.0,808.0,8.0,43.0,32.0,4.6,47.5,0.0,0.0,0.0,0.0,78.0,808.0,8.0,2021,167.8
Rob Gronkowski,TE,12.0,89.0,55.0,802.0,6.0,34.0,42.0,4.6,66.8,0.0,0.0,0.0,0.0,55.0,802.0,6.0,2021,143.7
Rashaad Penny,RB,6.0,8.0,6.0,48.0,0.0,3.0,27.0,0.6,4.8,119.0,749.0,6.0,28.0,125.0,797.0,6.0,2021,118.7
Chuba Hubbard,RB,10.0,37.0,25.0,174.0,1.0,8.0,33.0,1.5,10.2,172.0,612.0,5.0,36.0,197.0,786.0,6.0,2021,125.1
Christian McCaffrey,RB,7.0,41.0,37.0,343.0,1.0,21.0,32.0,5.3,49.0,99.0,442.0,1.0,20.0,136.0,785.0,2.0,2021,107.0
Mike Gesicki,TE,9.0,112.0,73.0,780.0,2.0,39.0,40.0,4.3,45.9,0.0,0.0,0.0,0.0,73.0,780.0,2.0,2021,126.5
Courtland Sutton,WR,16.0,98.0,58.0,776.0,2.0,35.0,55.0,3.4,45.6,0.0,0.0,0.0,0.0,58.0,776.0,2.0,2021,118.6
Russell Gage,WR,9.0,94.0,66.0,770.0,4.0,37.0,49.0,4.7,55.0,0.0,0.0,0.0,0.0,66.0,770.0,4.0,2021,130.0
Devonta Freeman,RB,8.0,42.0,34.0,190.0,1.0,9.0,15.0,2.1,11.9,133.0,576.0,5.0,31.0,167.0,766.0,6.0,2021,129.6
Mike Davis,RB,8.0,58.0,44.0,259.0,1.0,12.0,20.0,2.6,15.2,138.0,503.0,3.0,21.0,182.0,762.0,4.0,2021,114.20000000000002
Jamaal Williams,RB,11.0,28.0,26.0,157.0,0.0,6.0,15.0,2.0,12.1,153.0,601.0,3.0,42.0,179.0,758.0,3.0,2021,104.8
Mecole Hardman,WR,8.0,83.0,59.0,693.0,2.0,33.0,53.0,3.5,40.8,8.0,46.0,0.0,2.0,67.0,739.0,2.0,2021,109.4
Tim Patrick,WR,16.0,85.0,53.0,734.0,5.0,39.0,44.0,3.3,45.9,0.0,0.0,0.0,0.0,53.0,734.0,5.0,2021,129.9
Rhamondre Stevenson,RB,2.0,18.0,14.0,123.0,0.0,3.0,41.0,1.2,10.3,133.0,606.0,5.0,33.0,147.0,729.0,5.0,2021,105.9
Adam Thielen,WR,13.0,95.0,67.0,726.0,10.0,37.0,35.0,5.2,55.8,1.0,2.0,0.0,0.0,68.0,728.0,10.0,2021,164.3
Alexander Mattison,RB,4.0,39.0,32.0,228.0,1.0,10.0,24.0,2.0,14.3,134.0,491.0,3.0,28.0,166.0,719.0,4.0,2021,109.9
Marquez Callaway,WR,11.0,84.0,46.0,698.0,6.0,32.0,58.0,2.7,41.1,0.0,0.0,0.0,0.0,46.0,698.0,6.0,2021,128.8
Cole Beasley,WR,8.0,112.0,82.0,693.0,1.0,34.0,29.0,5.1,43.3,0.0,0.0,0.0,0.0,82.0,693.0,1.0,2021,114.3
D'Onta Foreman,RB,3.0,11.0,9.0,123.0,0.0,6.0,39.0,1.0,13.7,133.0,566.0,3.0,22.0,142.0,689.0,3.0,2021,87.4
D'Ernest Johnson,RB,2.0,25.0,19.0,137.0,0.0,7.0,18.0,1.1,8.1,100.0,534.0,3.0,24.0,119.0,671.0,3.0,2021,92.6
Noah Fant,TE,16.0,90.0,68.0,670.0,4.0,29.0,35.0,4.3,41.9,0.0,0.0,0.0,0.0,68.0,670.0,4.0,2021,125.0
K.J. Osborn,WR,9.0,82.0,50.0,655.0,7.0,26.0,64.0,2.9,38.5,1.0,10.0,0.0,1.0,51.0,665.0,7.0,2021,133.5
Darren Waller,TE,11.0,93.0,55.0,665.0,2.0,31.0,33.0,5.0,60.5,0.0,0.0,0.0,0.0,55.0,665.0,2.0,2021,106.0
Laviska Shenault Jr.,WR,10.0,100.0,63.0,619.0,0.0,30.0,58.0,3.9,38.7,11.0,41.0,0.0,2.0,74.0,660.0,0.0,2021,95.5
Emmanuel Sanders,WR,13.0,72.0,42.0,626.0,4.0,31.0,41.0,3.0,44.7,2.0,31.0,0.0,2.0,44.0,657.0,4.0,2021,110.7
Quez Watkins,WR,12.0,62.0,43.0,647.0,1.0,25.0,91.0,2.5,38.1,1.0,3.0,0.0,0.0,44.0,650.0,1.0,2021,92.5
Clyde Edwards-Helaire,RB,10.0,23.0,19.0,129.0,2.0,8.0,29.0,1.9,12.9,119.0,517.0,4.0,21.0,138.0,646.0,6.0,2021,106.1
Brandon Bolden,RB,1.0,49.0,41.0,405.0,2.0,21.0,28.0,2.4,23.8,44.0,226.0,1.0,12.0,85.0,631.0,3.0,2021,99.6
Rex Burkhead,RB,5.0,32.0,25.0,186.0,0.0,9.0,20.0,1.6,11.6,122.0,427.0,3.0,30.0,147.0,613.0,3.0,2021,89.80000000000001
Cedrick Wilson Jr.,WR,4.0,61.0,45.0,602.0,6.0,27.0,73.0,2.8,37.6,2.0,11.0,0.0,1.0,47.0,613.0,6.0,2021,113.8
Cole Kmet,TE,17.0,93.0,60.0,612.0,0.0,29.0,25.0,3.5,36.0,1.0,0.0,0.0,0.0,61.0,612.0,0.0,2021,91.2
Deonte Harris,WR,1.0,59.0,36.0,570.0,3.0,23.0,72.0,2.8,43.8,5.0,41.0,0.0,1.0,41.0,611.0,3.0,2021,93.1
Ty Johnson,RB,3.0,55.0,34.0,372.0,2.0,20.0,23.0,2.1,23.3,61.0,238.0,2.0,13.0,95.0,610.0,4.0,2021,98.0
Jarvis Landry,WR,12.0,87.0,52.0,570.0,2.0,30.0,38.0,4.3,47.5,6.0,40.0,2.0,4.0,58.0,610.0,4.0,2021,105.0
J.D. McKissic,WR,3.0,53.0,43.0,397.0,2.0,15.0,56.0,3.9,36.1,48.0,212.0,2.0,14.0,91.0,609.0,4.0,2021,106.4
Kalif Raymond,WR,14.0,71.0,48.0,576.0,4.0,28.0,75.0,3.0,36.0,4.0,28.0,0.0,2.0,52.0,604.0,4.0,2021,108.4
Hunter Henry,TE,10.0,75.0,50.0,603.0,9.0,34.0,35.0,2.9,35.5,0.0,0.0,0.0,0.0,50.0,603.0,9.0,2021,139.3
Robert Woods,WR,9.0,69.0,45.0,556.0,4.0,34.0,28.0,5.0,61.8,8.0,46.0,1.0,1.0,53.0,602.0,5.0,2021,112.7
Donovan Peoples-Jones,WR,9.0,58.0,34.0,597.0,3.0,26.0,60.0,2.4,42.6,0.0,0.0,0.0,0.0,34.0,597.0,3.0,2021,90.7
Tyler Conklin,TE,15.0,87.0,61.0,593.0,3.0,26.0,40.0,3.6,34.9,0.0,0.0,0.0,0.0,61.0,593.0,3.0,2021,105.8
Elijah Moore,WR,6.0,77.0,43.0,538.0,5.0,24.0,62.0,3.9,48.9,5.0,54.0,1.0,3.0,48.0,592.0,6.0,2021,116.70000000000002
Dawson Knox,TE,14.0,71.0,49.0,587.0,9.0,31.0,53.0,3.3,39.1,0.0,4.0,0.0,0.0,49.0,591.0,9.0,2021,137.60000000000002
Nyheim Hines,RB,4.0,57.0,40.0,310.0,1.0,15.0,36.0,2.4,18.2,56.0,276.0,2.0,15.0,96.0,586.0,3.0,2021,90.6
T.J. Hockenson,TE,12.0,84.0,61.0,583.0,4.0,32.0,33.0,5.1,48.6,0.0,0.0,0.0,0.0,61.0,583.0,4.0,2021,112.8
Latavius Murray,RB,6.0,13.0,10.0,75.0,0.0,2.0,18.0,0.7,5.4,119.0,501.0,6.0,36.0,129.0,576.0,6.0,2021,98.6
DeAndre Hopkins,WR,10.0,64.0,42.0,572.0,8.0,32.0,55.0,4.2,57.2,0.0,0.0,0.0,0.0,42.0,572.0,8.0,2021,126.2
Bryan Edwards,WR,12.0,59.0,34.0,571.0,3.0,26.0,51.0,2.1,35.7,1.0,0.0,0.0,0.0,35.0,571.0,3.0,2021,90.1
Byron Pringle,WR,5.0,60.0,42.0,568.0,5.0,32.0,40.0,2.5,33.4,0.0,0.0,0.0,0.0,42.0,568.0,5.0,2021,103.8
Jared Cook,TE,10.0,83.0,48.0,564.0,4.0,31.0,42.0,3.0,35.3,0.0,0.0,0.0,0.0,48.0,564.0,4.0,2021,104.4
Tyler Higbee,TE,15.0,85.0,61.0,560.0,5.0,33.0,37.0,4.1,37.3,0.0,0.0,0.0,0.0,61.0,560.0,5.0,2021,114.5
Kareem Hunt,RB,1.0,27.0,22.0,174.0,0.0,10.0,23.0,2.8,21.8,78.0,386.0,5.0,22.0,100.0,560.0,5.0,2021,97.0
Robby Anderson,WR,16.0,110.0,53.0,519.0,5.0,27.0,57.0,3.1,30.5,3.0,36.0,0.0,1.0,56.0,555.0,5.0,2021,112.0
Antonio Brown,WR,3.0,62.0,42.0,545.0,4.0,29.0,62.0,6.0,77.9,1.0,6.0,0.0,0.0,43.0,551.0,4.0,2021,100.1
Gabriel Davis,WR,4.0,63.0,35.0,549.0,6.0,29.0,49.0,2.2,34.3,0.0,0.0,0.0,0.0,35.0,549.0,6.0,2021,108.4
Zay Jones,WR,9.0,70.0,47.0,546.0,1.0,29.0,43.0,2.8,32.1,2.0,3.0,0.0,0.0,49.0,549.0,1.0,2021,82.39999999999999
Kenyan Drake,RB,2.0,40.0,30.0,291.0,1.0,12.0,31.0,2.5,24.3,63.0,254.0,2.0,15.0,93.0,545.0,3.0,2021,85.5
Allen Lazard,WR,13.0,60.0,40.0,513.0,8.0,28.0,42.0,2.7,34.2,3.0,32.0,0.0,2.0,43.0,545.0,8.0,2021,122.5
Kenneth Gainwell,RB,1.0,50.0,33.0,253.0,1.0,14.0,19.0,2.1,15.8,68.0,291.0,5.0,19.0,101.0,544.0,6.0,2021,102.9
Justin Jackson,RB,2.0,25.0,22.0,178.0,0.0,8.0,25.0,1.6,12.7,68.0,364.0,2.0,18.0,90.0,542.0,2.0,2021,75.2
Zack Moss,RB,0.0,32.0,23.0,197.0,1.0,12.0,24.0,1.8,15.2,96.0,345.0,4.0,22.0,119.0,542.0,5.0,2021,91.7
Khalil Herbert,RB,2.0,16.0,14.0,96.0,0.0,6.0,20.0,0.8,5.6,103.0,433.0,2.0,24.0,117.0,529.0,2.0,2021,69.9
Kenny Golladay,WR,14.0,76.0,37.0,521.0,0.0,27.0,36.0,2.6,37.2,0.0,0.0,0.0,0.0,37.0,521.0,0.0,2021,70.6
Rashod Bateman,WR,4.0,68.0,46.0,515.0,1.0,29.0,36.0,3.8,42.9,0.0,0.0,0.0,0.0,46.0,515.0,1.0,2021,80.5
DeVante Parker,WR,8.0,73.0,40.0,515.0,2.0,29.0,42.0,4.0,51.5,0.0,0.0,0.0,0.0,40.0,515.0,2.0,2021,83.5
Rondale Moore,WR,7.0,64.0,54.0,435.0,1.0,18.0,77.0,3.9,31.1,18.0,76.0,0.0,2.0,72.0,511.0,1.0,2021,78.1
Alex Collins,RB,6.0,10.0,9.0,87.0,0.0,3.0,28.0,0.8,7.9,108.0,411.0,2.0,22.0,117.0,498.0,2.0,2021,64.30000000000001
Gerald Everett,TE,12.0,63.0,48.0,478.0,4.0,26.0,41.0,3.2,31.9,3.0,20.0,0.0,2.0,51.0,498.0,4.0,2021,93.8
Pat Freiermuth,TE,9.0,79.0,60.0,497.0,7.0,34.0,24.0,3.8,31.1,0.0,0.0,0.0,0.0,60.0,497.0,7.0,2021,119.7
C.J. Uzomah,TE,16.0,63.0,49.0,493.0,5.0,24.0,55.0,3.1,30.8,0.0,0.0,0.0,0.0,49.0,493.0,5.0,2021,103.8
Corey Davis,WR,9.0,59.0,34.0,492.0,4.0,23.0,53.0,3.8,54.7,0.0,0.0,0.0,0.0,34.0,492.0,4.0,2021,86.2
Ronald Jones II,RB,3.0,13.0,10.0,64.0,0.0,2.0,15.0,0.6,4.0,101.0,428.0,4.0,25.0,111.0,492.0,4.0,2021,74.2
Henry Ruggs III,WR,7.0,36.0,24.0,469.0,2.0,16.0,61.0,3.4,67.0,3.0,16.0,0.0,0.0,27.0,485.0,2.0,2021,72.5
Nelson Agholor,WR,13.0,64.0,37.0,473.0,3.0,23.0,44.0,2.5,31.5,3.0,11.0,0.0,0.0,40.0,484.0,3.0,2021,84.9
Jalen Guyton,WR,2.0,48.0,31.0,448.0,3.0,21.0,59.0,1.9,28.0,7.0,34.0,0.0,2.0,38.0,482.0,3.0,2021,79.7
David Njoku,TE,11.0,53.0,36.0,475.0,4.0,17.0,71.0,2.3,29.7,1.0,1.0,0.0,0.0,37.0,476.0,4.0,2021,89.6
Nick Westbrook-Ikhine,WR,7.0,57.0,38.0,476.0,4.0,23.0,46.0,2.4,29.8,0.0,0.0,0.0,0.0,38.0,476.0,4.0,2021,88.6
Braxton Berrios,WR,1.0,65.0,46.0,431.0,2.0,21.0,46.0,2.9,26.9,7.0,40.0,2.0,3.0,53.0,471.0,4.0,2021,92.1
Jerry Jeudy,WR,5.0,56.0,38.0,467.0,0.0,22.0,40.0,3.8,46.7,2.0,3.0,0.0,0.0,40.0,470.0,0.0,2021,64.0
Boston Scott,RB,4.0,16.0,13.0,83.0,0.0,3.0,19.0,0.8,5.2,87.0,373.0,7.0,24.0,100.0,456.0,7.0,2021,92.1
David Johnson,RB,4.0,42.0,32.0,225.0,1.0,11.0,16.0,2.5,17.3,67.0,228.0,0.0,7.0,99.0,453.0,1.0,2021,65.3
Keelan Cole,WR,11.0,51.0,28.0,449.0,1.0,20.0,54.0,1.9,29.9,0.0,0.0,0.0,0.0,28.0,449.0,1.0,2021,64.9
Jamison Crowder,WR,4.0,71.0,51.0,447.0,2.0,24.0,29.0,4.3,37.3,0.0,0.0,0.0,0.0,51.0,447.0,2.0,2021,80.2
Nico Collins,WR,8.0,60.0,33.0,446.0,1.0,22.0,32.0,2.4,31.9,0.0,0.0,0.0,0.0,33.0,446.0,1.0,2021,67.1
Michael Gallup,WR,8.0,62.0,35.0,445.0,2.0,23.0,41.0,3.9,49.4,0.0,0.0,0.0,0.0,35.0,445.0,2.0,2021,74.0
Samaje Perine,RB,0.0,31.0,27.0,196.0,1.0,9.0,23.0,1.7,12.3,55.0,246.0,1.0,11.0,82.0,442.0,2.0,2021,69.7
Dontrell Hilliard,RB,5.0,26.0,19.0,87.0,0.0,7.0,28.0,2.4,10.9,56.0,350.0,2.0,15.0,75.0,437.0,2.0,2021,61.2
Julio Jones,WR,10.0,48.0,31.0,434.0,1.0,19.0,51.0,3.1,43.4,0.0,0.0,0.0,0.0,31.0,434.0,1.0,2021,64.9
Laquon Treadwell,WR,7.0,51.0,33.0,434.0,1.0,22.0,41.0,2.8,36.2,0.0,0.0,0.0,0.0,33.0,434.0,1.0,2021,65.9
Marquez Valdes-Scantling,WR,7.0,55.0,26.0,430.0,3.0,18.0,75.0,2.4,39.1,0.0,0.0,0.0,0.0,26.0,430.0,3.0,2021,74.0
Kadarius Toney,WR,4.0,57.0,39.0,420.0,0.0,21.0,38.0,3.9,42.0,3.0,6.0,0.0,0.0,42.0,426.0,0.0,2021,62.1
Jordan Howard,RB,0.0,5.0,2.0,19.0,0.0,2.0,10.0,0.3,2.7,86.0,406.0,3.0,24.0,88.0,425.0,3.0,2021,61.5
Allen Robinson,WR,11.0,66.0,38.0,410.0,1.0,22.0,39.0,3.2,34.2,0.0,0.0,0.0,0.0,38.0,410.0,1.0,2021,66.0
Olamide Zaccheaus,WR,8.0,53.0,31.0,406.0,3.0,22.0,49.0,1.8,23.9,1.0,2.0,0.0,1.0,32.0,408.0,3.0,2021,74.30000000000001
Tevin Coleman,RB,5.0,16.0,11.0,49.0,0.0,2.0,11.0,1.0,4.5,84.0,356.0,0.0,19.0,95.0,405.0,0.0,2021,46.0
Evan Engram,TE,12.0,73.0,46.0,408.0,3.0,21.0,30.0,3.1,27.2,1.0,-3.0,0.0,0.0,47.0,405.0,3.0,2021,79.5
Zach Pascal,WR,13.0,69.0,38.0,384.0,3.0,16.0,41.0,2.4,24.0,2.0,21.0,0.0,0.0,40.0,405.0,3.0,2021,75.5
Jeremy McNichols,RB,0.0,38.0,28.0,240.0,1.0,11.0,27.0,2.0,17.1,41.0,156.0,0.0,6.0,69.0,396.0,1.0,2021,59.6
Sammy Watkins,WR,9.0,49.0,27.0,394.0,1.0,17.0,49.0,2.1,30.3,0.0,0.0,0.0,0.0,27.0,394.0,1.0,2021,56.900000000000006
DeAndre Carter,WR,6.0,44.0,24.0,296.0,3.0,17.0,26.0,1.4,17.4,10.0,89.0,0.0,4.0,34.0,385.0,3.0,2021,62.5
Adam Humphries,WR,11.0,62.0,41.0,383.0,0.0,23.0,27.0,2.4,22.5,0.0,0.0,0.0,0.0,41.0,383.0,0.0,2021,58.8
Tre'Quan Smith,WR,6.0,50.0,32.0,377.0,3.0,18.0,34.0,2.9,34.3,0.0,0.0,0.0,0.0,32.0,377.0,3.0,2021,69.7
Randall Cobb,WR,3.0,39.0,28.0,375.0,5.0,21.0,54.0,2.3,31.3,1.0,1.0,0.0,0.0,29.0,376.0,5.0,2021,79.6
Freddie Swain,WR,8.0,40.0,25.0,343.0,4.0,12.0,68.0,1.5,20.2,5.0,32.0,0.0,2.0,30.0,375.0,4.0,2021,72.0
Foster Moreau,TE,11.0,44.0,30.0,373.0,3.0,16.0,44.0,1.8,21.9,0.0,0.0,0.0,0.0,30.0,373.0,3.0,2021,68.30000000000001
Duke Johnson,RB,4.0,5.0,4.0,41.0,0.0,3.0,20.0,0.8,8.2,71.0,330.0,3.0,18.0,75.0,371.0,3.0,2021,57.1
Derrick Gore,RB,0.0,9.0,8.0,105.0,0.0,3.0,50.0,0.7,9.5,51.0,256.0,2.0,12.0,59.0,361.0,2.0,2021,52.1
Tyler Johnson,WR,3.0,55.0,36.0,360.0,0.0,14.0,31.0,2.1,21.2,0.0,0.0,0.0,0.0,36.0,360.0,0.0,2021,54.0
Durham Smythe,TE,12.0,41.0,34.0,357.0,0.0,15.0,25.0,2.0,21.0,2.0,3.0,0.0,2.0,36.0,360.0,0.0,2021,53.0
Josh Palmer,WR,5.0,49.0,33.0,353.0,4.0,18.0,36.0,1.9,20.8,1.0,6.0,0.0,0.0,34.0,359.0,4.0,2021,76.4
Sterling Shepard,WR,6.0,53.0,36.0,366.0,1.0,19.0,37.0,5.1,52.3,1.0,-9.0,0.0,0.0,37.0,357.0,1.0,2021,59.7
Austin Hooper,TE,16.0,61.0,38.0,345.0,3.0,18.0,34.0,2.4,21.6,0.0,0.0,0.0,0.0,38.0,345.0,3.0,2021,71.5
Jaret Patterson,RB,1.0,11.0,10.0,73.0,0.0,5.0,12.0,0.6,4.3,68.0,266.0,2.0,15.0,78.0,339.0,2.0,2021,48.900000000000006
Travis Homer,RB,0.0,20.0,16.0,161.0,0.0,8.0,31.0,1.1,11.5,21.0,177.0,1.0,7.0,37.0,338.0,1.0,2021,47.8
Jonnu Smith,TE,11.0,45.0,28.0,294.0,1.0,15.0,28.0,1.8,18.4,9.0,40.0,0.0,2.0,37.0,334.0,1.0,2021,51.400000000000006
T.Y. Hilton,WR,9.0,37.0,23.0,331.0,3.0,15.0,52.0,2.3,33.1,0.0,0.0,0.0,0.0,23.0,331.0,3.0,2021,62.6
Jalen Reagor,WR,13.0,57.0,33.0,299.0,2.0,13.0,34.0,1.9,17.6,10.0,32.0,0.0,3.0,43.0,331.0,2.0,2021,57.60000000000001
Albert Okwuegbunam,TE,6.0,40.0,33.0,330.0,2.0,15.0,64.0,2.4,23.6,0.0,0.0,0.0,0.0,33.0,330.0,2.0,2021,59.5
Damiere Byrd,WR,4.0,38.0,26.0,329.0,1.0,18.0,54.0,1.5,19.4,0.0,0.0,0.0,0.0,26.0,329.0,1.0,2021,49.9
Chris Conley,WR,10.0,37.0,22.0,323.0,2.0,15.0,41.0,1.4,20.2,1.0,3.0,0.0,1.0,23.0,326.0,2.0,2021,53.6
Darius Slayton,WR,5.0,58.0,26.0,339.0,2.0,14.0,42.0,2.0,26.1,1.0,-13.0,0.0,0.0,27.0,326.0,2.0,2021,55.6
Jeff Wilson,RB,4.0,8.0,7.0,31.0,0.0,1.0,11.0,0.8,3.4,79.0,294.0,2.0,19.0,86.0,325.0,2.0,2021,46.0
Devin Duvernay,WR,7.0,47.0,33.0,272.0,2.0,14.0,21.0,2.1,17.0,7.0,50.0,0.0,4.0,40.0,322.0,2.0,2021,58.7
Carlos Hyde,RB,2.0,21.0,12.0,65.0,0.0,1.0,9.0,1.0,5.4,72.0,253.0,1.0,14.0,84.0,318.0,1.0,2021,39.8
Mo Alie-Cox,TE,7.0,45.0,24.0,316.0,4.0,14.0,37.0,1.4,18.6,0.0,0.0,0.0,0.0,24.0,316.0,4.0,2021,65.6
Marquise Goodwin,WR,2.0,40.0,20.0,313.0,1.0,12.0,50.0,1.4,22.4,2.0,-1.0,0.0,0.0,22.0,312.0,1.0,2021,45.2
Chester Rogers,WR,2.0,43.0,30.0,301.0,1.0,12.0,39.0,1.9,18.8,1.0,9.0,0.0,0.0,31.0,310.0,1.0,2021,44.0
Jack Doyle,TE,14.0,43.0,29.0,302.0,3.0,18.0,34.0,1.7,17.8,0.0,0.0,0.0,0.0,29.0,302.0,3.0,2021,62.7
James Washington,WR,2.0,44.0,24.0,285.0,2.0,9.0,42.0,1.6,19.0,2.0,13.0,0.0,0.0,26.0,298.0,2.0,2021,53.8
Ray-Ray McCloud,WR,5.0,66.0,39.0,277.0,0.0,18.0,24.0,2.4,17.3,2.0,15.0,0.0,0.0,41.0,292.0,0.0,2021,40.7
Jauan Jennings,WR,1.0,38.0,24.0,282.0,5.0,15.0,34.0,1.5,17.6,0.0,0.0,0.0,0.0,24.0,282.0,5.0,2021,68.2
Craig Reynolds,RB,2.0,8.0,7.0,52.0,0.0,3.0,14.0,1.4,10.4,55.0,230.0,0.0,11.0,62.0,282.0,0.0,2021,31.7
Calvin Ridley,WR,5.0,52.0,31.0,281.0,2.0,16.0,22.0,6.2,56.2,0.0,0.0,0.0,0.0,31.0,281.0,2.0,2021,55.6
Peyton Barber,RB,1.0,13.0,10.0,67.0,0.0,3.0,23.0,1.0,6.7,55.0,212.0,2.0,12.0,65.0,279.0,2.0,2021,40.900000000000006
Rashard Higgins,WR,4.0,47.0,24.0,275.0,1.0,16.0,21.0,1.6,18.3,0.0,0.0,0.0,0.0,24.0,275.0,1.0,2021,45.5
DeeJay Dallas,RB,0.0,23.0,21.0,133.0,0.0,4.0,29.0,1.2,7.8,33.0,138.0,2.0,10.0,54.0,271.0,2.0,2021,47.6
Ricky Seals-Jones,TE,6.0,49.0,30.0,271.0,2.0,14.0,39.0,2.3,20.8,0.0,0.0,0.0,0.0,30.0,271.0,2.0,2021,54.1
Ty'Son Williams,RB,3.0,12.0,9.0,84.0,0.0,4.0,21.0,0.7,6.5,35.0,185.0,1.0,7.0,44.0,269.0,1.0,2021,35.4
Damien Williams,RB,2.0,23.0,16.0,103.0,1.0,3.0,23.0,1.3,8.6,40.0,164.0,2.0,11.0,56.0,267.0,3.0,2021,52.7
Salvon Ahmed,RB,0.0,19.0,12.0,117.0,0.0,4.0,18.0,1.0,9.8,54.0,149.0,0.0,8.0,66.0,266.0,0.0,2021,32.6
Demarcus Robinson,WR,10.0,41.0,25.0,264.0,3.0,13.0,33.0,1.5,15.5,0.0,0.0,0.0,0.0,25.0,264.0,3.0,2021,56.900000000000006
Adam Trautman,TE,10.0,43.0,27.0,263.0,2.0,13.0,32.0,2.1,20.2,0.0,0.0,0.0,0.0,27.0,263.0,2.0,2021,49.8
Chris Carson,RB,4.0,6.0,6.0,29.0,0.0,1.0,16.0,1.5,7.3,54.0,232.0,3.0,11.0,60.0,261.0,3.0,2021,45.1
Ryan Griffin,TE,12.0,42.0,27.0,261.0,2.0,14.0,29.0,1.9,18.6,0.0,0.0,0.0,0.0,27.0,261.0,2.0,2021,49.6
Kyle Rudolph,TE,13.0,39.0,26.0,257.0,1.0,12.0,60.0,1.6,16.1,0.0,0.0,0.0,0.0,26.0,257.0,1.0,2021,44.7
Dare Ogunbowale,RB,2.0,21.0,13.0,114.0,1.0,3.0,28.0,0.8,6.7,43.0,137.0,1.0,5.0,56.0,251.0,2.0,2021,43.6
Brandon Zylstra,WR,3.0,25.0,18.0,250.0,1.0,10.0,55.0,1.4,19.2,0.0,0.0,0.0,0.0,18.0,250.0,1.0,2021,40.0
John Bates,TE,8.0,25.0,20.0,249.0,1.0,11.0,32.0,1.2,14.6,0.0,0.0,0.0,0.0,20.0,249.0,1.0,2021,38.900000000000006
Lil'Jordan Humphrey,WR,4.0,18.0,13.0,249.0,2.0,9.0,56.0,1.3,24.9,0.0,0.0,0.0,0.0,13.0,249.0,2.0,2021,43.400000000000006
Danny Amendola,WR,0.0,38.0,24.0,248.0,3.0,10.0,39.0,3.0,31.0,0.0,0.0,0.0,0.0,24.0,248.0,3.0,2021,52.8
Cameron Brate,TE,3.0,57.0,30.0,245.0,4.0,15.0,18.0,1.8,14.4,0.0,0.0,0.0,0.0,30.0,245.0,4.0,2021,63.5
Josiah Deguara,TE,2.0,33.0,25.0,245.0,2.0,9.0,62.0,1.6,15.3,0.0,0.0,0.0,0.0,25.0,245.0,2.0,2021,49.0
James O'Shaughnessy,TE,6.0,34.0,24.0,244.0,0.0,10.0,30.0,3.4,34.9,0.0,0.0,0.0,0.0,24.0,244.0,0.0,2021,36.400000000000006
John Ross,WR,1.0,20.0,11.0,224.0,1.0,8.0,51.0,1.1,22.4,1.0,16.0,0.0,1.0,12.0,240.0,1.0,2021,33.5
Tavon Austin,WR,3.0,37.0,24.0,213.0,1.0,11.0,25.0,1.8,16.4,3.0,21.0,0.0,1.0,27.0,234.0,1.0,2021,39.4
Harrison Bryant,TE,3.0,28.0,21.0,233.0,3.0,14.0,41.0,1.3,14.6,0.0,0.0,0.0,0.0,21.0,233.0,3.0,2021,51.8
Will Dissly,TE,14.0,26.0,21.0,231.0,1.0,11.0,39.0,1.4,15.4,0.0,0.0,0.0,0.0,21.0,231.0,1.0,2021,37.6
Tajae Sharpe,WR,7.0,37.0,25.0,230.0,0.0,14.0,17.0,1.7,15.3,0.0,0.0,0.0,0.0,25.0,230.0,0.0,2021,35.5
Albert Wilson,WR,5.0,39.0,25.0,213.0,0.0,10.0,64.0,1.8,15.2,4.0,17.0,0.0,1.0,29.0,230.0,0.0,2021,35.5
Chris Evans,RB,1.0,17.0,15.0,151.0,2.0,6.0,24.0,1.1,10.8,17.0,77.0,0.0,3.0,32.0,228.0,2.0,2021,42.3
Chris Moore,WR,1.0,22.0,21.0,227.0,2.0,6.0,67.0,1.8,18.9,0.0,0.0,0.0,0.0,21.0,227.0,2.0,2021,45.2
Cyril Grayson,WR,3.0,12.0,10.0,212.0,2.0,8.0,62.0,2.0,42.4,1.0,14.0,0.0,1.0,11.0,226.0,2.0,2021,39.6
Jamycal Hasty,RB,0.0,29.0,23.0,157.0,0.0,7.0,23.0,2.1,14.3,16.0,68.0,1.0,6.0,39.0,225.0,1.0,2021,36.0
Isaiah McKenzie,WR,2.0,26.0,20.0,178.0,1.0,13.0,28.0,1.3,11.9,9.0,47.0,1.0,4.0,29.0,225.0,2.0,2021,40.5
Mack Hollins,WR,3.0,28.0,14.0,223.0,4.0,11.0,65.0,0.8,13.1,0.0,0.0,0.0,0.0,14.0,223.0,4.0,2021,53.3
Hayden Hurst,TE,5.0,31.0,26.0,221.0,3.0,11.0,33.0,2.0,17.0,0.0,0.0,0.0,0.0,26.0,221.0,3.0,2021,47.1
Cam Sims,WR,3.0,23.0,15.0,211.0,2.0,11.0,43.0,1.1,15.1,1.0,7.0,0.0,0.0,16.0,218.0,2.0,2021,41.3
Jordan Akins,TE,3.0,33.0,24.0,214.0,0.0,11.0,31.0,1.8,16.5,1.0,3.0,0.0,1.0,25.0,217.0,0.0,2021,29.700000000000003
Marcedes Lewis,TE,17.0,28.0,23.0,214.0,0.0,10.0,23.0,1.4,12.6,0.0,0.0,0.0,0.0,23.0,214.0,0.0,2021,30.90000000000001
Geoff Swaim,TE,16.0,40.0,31.0,210.0,3.0,12.0,26.0,1.9,13.1,0.0,0.0,0.0,0.0,31.0,210.0,3.0,2021,54.5
Antoine Wesley,WR,4.0,32.0,19.0,208.0,3.0,9.0,33.0,1.3,13.9,0.0,0.0,0.0,0.0,19.0,208.0,3.0,2021,48.3
Ke'Shawn Vaughn,RB,1.0,8.0,4.0,26.0,0.0,1.0,8.0,0.3,2.2,36.0,180.0,2.0,9.0,40.0,206.0,2.0,2021,34.6
Ashton Dulin,WR,1.0,22.0,13.0,173.0,2.0,9.0,62.0,0.8,10.2,3.0,32.0,0.0,1.0,16.0,205.0,2.0,2021,39.0
Demetric Felton,WR,2.0,21.0,18.0,181.0,2.0,10.0,33.0,1.1,11.3,7.0,24.0,0.0,0.0,25.0,205.0,2.0,2021,33.5
Quintez Cephus,WR,3.0,22.0,15.0,204.0,2.0,9.0,46.0,3.0,40.8,0.0,0.0,0.0,0.0,15.0,204.0,2.0,2021,39.900000000000006
Robert Tonyan,TE,5.0,29.0,18.0,204.0,2.0,10.0,33.0,2.3,25.5,0.0,0.0,0.0,0.0,18.0,204.0,2.0,2021,41.400000000000006
James Proche,WR,0.0,20.0,16.0,202.0,0.0,10.0,32.0,1.1,14.4,0.0,0.0,0.0,0.0,16.0,202.0,0.0,2021,28.200000000000003
Matt Breida,RB,0.0,9.0,7.0,72.0,2.0,4.0,23.0,0.8,8.0,26.0,125.0,1.0,5.0,33.0,197.0,3.0,2021,39.2
Logan Thomas,TE,6.0,25.0,18.0,196.0,3.0,10.0,35.0,3.0,32.7,0.0,0.0,0.0,0.0,18.0,196.0,3.0,2021,44.6
Trey Sermon,RB,2.0,4.0,3.0,26.0,0.0,1.0,23.0,0.3,2.9,41.0,167.0,1.0,9.0,44.0,193.0,1.0,2021,26.8
Maxx Williams,TE,5.0,17.0,16.0,193.0,1.0,9.0,34.0,3.2,38.6,0.0,0.0,0.0,0.0,16.0,193.0,1.0,2021,33.3
Tommy Tremble,TE,11.0,35.0,20.0,180.0,1.0,10.0,30.0,1.3,11.3,3.0,11.0,1.0,1.0,23.0,191.0,2.0,2021,41.1
Donald Parham,TE,9.0,27.0,20.0,190.0,3.0,13.0,22.0,1.4,13.6,0.0,0.0,0.0,0.0,20.0,190.0,3.0,2021,47.0
Ian Thomas,TE,13.0,30.0,18.0,188.0,0.0,6.0,41.0,1.1,11.1,0.0,0.0,0.0,0.0,18.0,188.0,0.0,2021,27.8
Noah Brown,WR,1.0,25.0,16.0,184.0,0.0,6.0,27.0,1.2,14.2,0.0,0.0,0.0,0.0,16.0,184.0,0.0,2021,26.4
N'Keal Harry,WR,4.0,22.0,12.0,184.0,0.0,7.0,43.0,1.0,15.3,0.0,0.0,0.0,0.0,12.0,184.0,0.0,2021,22.4
Giovani Bernard,RB,0.0,29.0,23.0,123.0,3.0,8.0,32.0,1.9,10.3,8.0,58.0,0.0,3.0,31.0,181.0,3.0,2021,45.6
Brevin Jordan,TE,2.0,28.0,20.0,178.0,3.0,10.0,27.0,2.2,19.8,0.0,0.0,0.0,0.0,20.0,178.0,3.0,2021,45.8
Mohamed Sanu,WR,0.0,24.0,15.0,177.0,0.0,12.0,21.0,1.9,22.1,0.0,0.0,0.0,0.0,15.0,177.0,0.0,2021,25.2
Kendall Hinton,WR,1.0,23.0,15.0,175.0,1.0,10.0,40.0,0.9,10.9,0.0,0.0,0.0,0.0,15.0,175.0,1.0,2021,31.0
Anthony Schwartz,WR,2.0,23.0,10.0,135.0,1.0,6.0,44.0,0.7,9.6,6.0,39.0,0.0,4.0,16.0,174.0,1.0,2021,28.4
Tyler Kroft,TE,6.0,25.0,16.0,173.0,1.0,9.0,26.0,1.8,19.2,0.0,0.0,0.0,0.0,16.0,173.0,1.0,2021,31.3
Pharaoh Brown,TE,12.0,34.0,23.0,171.0,0.0,6.0,29.0,1.5,11.4,0.0,0.0,0.0,0.0,23.0,171.0,0.0,2021,26.6
Tony Jones,RB,4.0,8.0,5.0,29.0,0.0,2.0,19.0,0.5,2.6,54.0,142.0,0.0,7.0,59.0,171.0,0.0,2021,19.6
Corey Clement,RB,0.0,7.0,6.0,29.0,1.0,1.0,8.0,0.4,1.7,33.0,140.0,0.0,7.0,39.0,169.0,1.0,2021,25.9
Jerick McKinnon,RB,0.0,20.0,13.0,107.0,1.0,6.0,14.0,1.0,8.2,12.0,62.0,0.0,2.0,25.0,169.0,1.0,2021,29.4
Zach Gentry,TE,12.0,25.0,19.0,167.0,0.0,11.0,25.0,1.1,9.8,0.0,0.0,0.0,0.0,19.0,167.0,0.0,2021,26.2
Jimmy Graham,TE,6.0,23.0,14.0,167.0,3.0,10.0,28.0,0.9,11.1,0.0,0.0,0.0,0.0,14.0,167.0,3.0,2021,41.7
Stephen Anderson,TE,4.0,19.0,16.0,165.0,1.0,9.0,34.0,0.9,9.7,0.0,0.0,0.0,0.0,16.0,165.0,1.0,2021,30.5
Breshad Perriman,WR,0.0,18.0,11.0,167.0,1.0,5.0,58.0,1.8,27.8,1.0,-3.0,0.0,0.0,12.0,164.0,1.0,2021,27.9
Parris Campbell,WR,3.0,20.0,10.0,162.0,1.0,7.0,51.0,1.7,27.0,0.0,0.0,0.0,0.0,10.0,162.0,1.0,2021,27.2
Dyami Brown,WR,6.0,25.0,12.0,165.0,0.0,6.0,48.0,0.8,11.0,1.0,-4.0,0.0,0.0,13.0,161.0,0.0,2021,22.1
Isaiah Ford,WR,2.0,17.0,12.0,161.0,2.0,7.0,52.0,0.9,12.4,0.0,0.0,0.0,0.0,12.0,161.0,2.0,2021,34.1
Eno Benjamin,RB,0.0,7.0,6.0,42.0,0.0,4.0,12.0,0.7,4.7,34.0,118.0,1.0,4.0,40.0,160.0,1.0,2021,25.0
Juwan Johnson,WR,2.0,22.0,13.0,159.0,4.0,12.0,27.0,0.9,11.4,0.0,0.0,0.0,0.0,13.0,159.0,4.0,2021,46.4
Marcus Johnson,WR,3.0,19.0,9.0,160.0,0.0,7.0,50.0,1.3,22.9,2.0,-2.0,0.0,1.0,11.0,158.0,0.0,2021,20.3
KhaDarel Hodge,WR,1.0,27.0,13.0,157.0,0.0,7.0,42.0,0.8,9.8,0.0,0.0,0.0,0.0,13.0,157.0,0.0,2021,22.200000000000003
DJ Chark,WR,4.0,22.0,7.0,154.0,2.0,7.0,41.0,1.8,38.5,0.0,0.0,0.0,0.0,7.0,154.0,2.0,2021,30.9
Malik Turner,WR,0.0,16.0,12.0,149.0,3.0,8.0,61.0,0.9,10.6,0.0,0.0,0.0,0.0,12.0,149.0,3.0,2021,38.9
MyCole Pruitt,TE,9.0,18.0,14.0,145.0,3.0,10.0,22.0,0.9,9.1,0.0,0.0,0.0,0.0,14.0,145.0,3.0,2021,39.5
Joshua Kelley,RB,0.0,6.0,5.0,38.0,0.0,1.0,17.0,0.5,3.8,33.0,102.0,0.0,5.0,38.0,140.0,0.0,2021,14.5
Ty Montgomery,WR,3.0,26.0,16.0,95.0,0.0,5.0,21.0,1.1,6.8,15.0,44.0,0.0,2.0,31.0,139.0,0.0,2021,21.9
Terrace Marshall Jr.,WR,3.0,30.0,17.0,138.0,0.0,7.0,23.0,1.3,10.6,0.0,0.0,0.0,0.0,17.0,138.0,0.0,2021,22.3
JuJu Smith-Schuster,WR,5.0,28.0,15.0,129.0,0.0,6.0,24.0,3.0,25.8,3.0,9.0,1.0,1.0,18.0,138.0,1.0,2021,27.3
Malcolm Brown,RB,3.0,5.0,3.0,10.0,0.0,0.0,7.0,0.4,1.4,33.0,125.0,1.0,6.0,36.0,135.0,1.0,2021,21.0
O.J. Howard,TE,9.0,21.0,14.0,135.0,1.0,10.0,21.0,0.8,7.9,0.0,0.0,0.0,0.0,14.0,135.0,1.0,2021,26.5
Denzel Mims,WR,3.0,23.0,8.0,133.0,0.0,5.0,40.0,0.7,12.1,0.0,0.0,0.0,0.0,8.0,133.0,0.0,2021,17.3
Ben Skowronek,WR,1.0,20.0,11.0,133.0,0.0,7.0,35.0,0.8,9.5,0.0,0.0,0.0,0.0,11.0,133.0,0.0,2021,18.8
Nick Vannett,TE,2.0,15.0,9.0,133.0,1.0,7.0,30.0,1.3,19.0,0.0,0.0,0.0,0.0,9.0,133.0,1.0,2021,23.8
James White,RB,0.0,14.0,12.0,94.0,0.0,5.0,28.0,4.0,31.3,10.0,38.0,1.0,4.0,22.0,132.0,1.0,2021,25.2
Elijhaa Penny,RB,3.0,13.0,9.0,30.0,1.0,4.0,16.0,0.5,1.8,24.0,99.0,1.0,9.0,33.0,129.0,2.0,2021,29.4
D'Wayne Eskridge,WR,0.0,20.0,10.0,64.0,1.0,4.0,17.0,1.0,6.4,4.0,59.0,0.0,2.0,14.0,123.0,1.0,2021,23.3
Qadree Ollison,RB,0.0,6.0,4.0,12.0,0.0,1.0,8.0,0.5,1.5,21.0,105.0,1.0,7.0,25.0,117.0,1.0,2021,17.7
Brock Wright,TE,5.0,17.0,12.0,117.0,2.0,6.0,36.0,1.2,11.7,0.0,0.0,0.0,0.0,12.0,117.0,2.0,2021,29.700000000000003
Ihmir Smith-Marsette,WR,1.0,6.0,5.0,116.0,2.0,4.0,44.0,0.6,14.5,0.0,0.0,0.0,0.0,5.0,116.0,2.0,2021,26.1
Jalen Richard,RB,0.0,14.0,12.0,72.0,0.0,4.0,19.0,1.2,7.2,9.0,40.0,0.0,3.0,21.0,112.0,0.0,2021,17.2
Jeff Smith,WR,3.0,17.0,8.0,113.0,0.0,6.0,35.0,0.7,9.4,1.0,-1.0,0.0,0.0,9.0,112.0,0.0,2021,15.2
Equanimeous St. Brown,WR,2.0,17.0,9.0,98.0,0.0,6.0,26.0,0.7,7.5,3.0,14.0,0.0,2.0,12.0,112.0,0.0,2021,15.7
Benny Snell Jr.,RB,0.0,4.0,2.0,13.0,0.0,0.0,7.0,0.1,0.8,36.0,98.0,0.0,3.0,38.0,111.0,0.0,2021,12.1
Adam Shaheen,TE,7.0,16.0,12.0,110.0,0.0,5.0,21.0,1.0,9.2,0.0,0.0,0.0,0.0,12.0,110.0,0.0,2021,17.0
Austin Walter,RB,0.0,3.0,2.0,9.0,0.0,1.0,11.0,0.5,2.3,26.0,101.0,1.0,5.0,28.0,110.0,1.0,2021,18.0
Marlon Mack,RB,0.0,5.0,2.0,8.0,0.0,0.0,7.0,0.3,1.3,28.0,101.0,0.0,6.0,30.0,109.0,0.0,2021,11.900000000000002
Jonathan Williams,RB,0.0,6.0,4.0,28.0,0.0,2.0,19.0,0.8,5.6,17.0,79.0,1.0,7.0,21.0,107.0,1.0,2021,18.700000000000003
Kylen Granson,TE,0.0,15.0,11.0,106.0,0.0,4.0,27.0,0.6,6.2,0.0,0.0,0.0,0.0,11.0,106.0,0.0,2021,16.1
Collin Johnson,WR,1.0,21.0,11.0,105.0,0.0,6.0,16.0,0.9,8.8,0.0,0.0,0.0,0.0,11.0,105.0,0.0,2021,16.0
Trinity Benson,WR,2.0,22.0,10.0,103.0,0.0,4.0,24.0,1.3,12.9,0.0,0.0,0.0,0.0,10.0,103.0,0.0,2021,15.3
Shi Smith,WR,0.0,11.0,6.0,104.0,0.0,3.0,63.0,1.0,17.3,1.0,-3.0,0.0,0.0,7.0,101.0,0.0,2021,13.1
Blake Bell,TE,5.0,13.0,9.0,87.0,0.0,4.0,24.0,0.6,5.4,4.0,10.0,0.0,4.0,13.0,97.0,0.0,2021,14.2
Jermar Jefferson,RB,0.0,5.0,4.0,23.0,0.0,2.0,11.0,0.6,3.3,15.0,74.0,2.0,4.0,19.0,97.0,2.0,2021,23.700000000000003
Ryquell Armstead,RB,0.0,4.0,3.0,16.0,0.0,1.0,9.0,1.5,8.0,15.0,80.0,0.0,3.0,18.0,96.0,0.0,2021,11.1
Blake Jarwin,TE,5.0,17.0,11.0,96.0,2.0,5.0,20.0,1.4,12.0,0.0,0.0,0.0,0.0,11.0,96.0,2.0,2021,27.1
Greg Ward,WR,0.0,11.0,7.0,95.0,3.0,4.0,27.0,0.4,5.6,0.0,0.0,0.0,0.0,7.0,95.0,3.0,2021,31.0
Patrick Taylor,RB,0.0,2.0,2.0,3.0,0.0,1.0,3.0,0.2,0.3,23.0,89.0,1.0,5.0,25.0,92.0,1.0,2021,16.200000000000003
Dante Pettis,WR,0.0,16.0,10.0,87.0,1.0,5.0,27.0,3.3,29.0,0.0,0.0,0.0,0.0,10.0,87.0,1.0,2021,17.700000000000003
Trent Sherfield,WR,1.0,20.0,9.0,87.0,1.0,7.0,18.0,0.5,5.1,0.0,0.0,0.0,0.0,9.0,87.0,1.0,2021,19.200000000000003
Larry Rountree,RB,0.0,2.0,1.0,-1.0,0.0,0.0,0.0,0.1,-0.1,36.0,87.0,1.0,5.0,37.0,86.0,1.0,2021,15.1
Eric Ebron,TE,3.0,18.0,12.0,84.0,1.0,6.0,19.0,1.5,10.5,1.0,1.0,1.0,1.0,13.0,85.0,2.0,2021,26.5
Dax Milne,WR,1.0,14.0,9.0,83.0,0.0,4.0,22.0,0.7,6.4,1.0,1.0,0.0,0.0,10.0,84.0,0.0,2021,10.9
Scott Miller,WR,0.0,9.0,5.0,38.0,0.0,2.0,13.0,0.6,4.2,2.0,43.0,1.0,2.0,7.0,81.0,1.0,2021,16.6
Drew Sample,TE,8.0,15.0,11.0,81.0,0.0,3.0,19.0,0.6,4.8,0.0,0.0,0.0,0.0,11.0,81.0,0.0,2021,13.6
Preston Williams,WR,3.0,16.0,6.0,71.0,0.0,3.0,34.0,0.8,8.9,1.0,7.0,0.0,0.0,7.0,78.0,0.0,2021,10.8
KJ Hamler,WR,2.0,10.0,5.0,74.0,0.0,4.0,28.0,1.7,24.7,0.0,0.0,0.0,0.0,5.0,74.0,0.0,2021,9.9
Chris Manhertz,TE,10.0,9.0,6.0,71.0,1.0,4.0,22.0,0.4,4.2,0.0,0.0,0.0,0.0,6.0,71.0,1.0,2021,16.1
Kene Nwangwu,RB,0.0,5.0,4.0,9.0,0.0,0.0,6.0,0.4,0.8,13.0,61.0,0.0,3.0,17.0,70.0,0.0,2021,9.0
Kenny Stills,WR,4.0,23.0,6.0,68.0,1.0,4.0,22.0,0.5,5.2,1.0,1.0,0.0,0.0,7.0,69.0,1.0,2021,15.9
Dede Westbrook,WR,0.0,15.0,10.0,68.0,0.0,3.0,17.0,0.7,4.5,0.0,0.0,0.0,0.0,10.0,68.0,0.0,2021,7.800000000000001
Jonathan Ward,RB,0.0,4.0,3.0,34.0,0.0,1.0,23.0,0.2,2.6,9.0,33.0,0.0,3.0,12.0,67.0,0.0,2021,8.200000000000001
Josh Oliver,TE,1.0,15.0,9.0,66.0,0.0,4.0,19.0,0.6,4.7,0.0,0.0,0.0,0.0,9.0,66.0,0.0,2021,9.1
Lee Smith,TE,6.0,11.0,9.0,65.0,1.0,3.0,22.0,0.6,4.1,0.0,0.0,0.0,0.0,9.0,65.0,1.0,2021,17.0
Ja'Marcus Bradley,WR,0.0,4.0,4.0,64.0,0.0,2.0,37.0,0.8,12.8,0.0,0.0,0.0,0.0,4.0,64.0,0.0,2021,8.4
Jesse James,TE,9.0,8.0,7.0,62.0,1.0,3.0,19.0,0.5,4.4,0.0,0.0,0.0,0.0,7.0,62.0,1.0,2021,15.7
Penny Hart,WR,0.0,12.0,7.0,59.0,0.0,3.0,16.0,0.4,3.5,0.0,0.0,0.0,0.0,7.0,59.0,0.0,2021,9.4
Juwann Winfree,WR,0.0,13.0,8.0,58.0,0.0,5.0,12.0,1.1,8.3,0.0,0.0,0.0,0.0,8.0,58.0,0.0,2021,5.800000000000001
C.J. Board,WR,1.0,6.0,4.0,51.0,0.0,3.0,38.0,0.7,8.5,1.0,6.0,0.0,0.0,5.0,57.0,0.0,2021,7.700000000000001
Mike Boone,RB,0.0,2.0,2.0,22.0,0.0,1.0,19.0,0.3,2.8,4.0,35.0,0.0,2.0,6.0,57.0,0.0,2021,6.7
Michael Burton,RB,0.0,3.0,3.0,31.0,0.0,2.0,20.0,0.2,1.9,8.0,26.0,1.0,8.0,11.0,57.0,1.0,2021,13.2
Luke Farrell,TE,4.0,11.0,7.0,56.0,0.0,3.0,21.0,0.5,3.7,0.0,0.0,0.0,0.0,7.0,56.0,0.0,2021,7.100000000000001
Jason Moore,WR,1.0,4.0,3.0,56.0,0.0,3.0,24.0,1.5,28.0,0.0,0.0,0.0,0.0,3.0,56.0,0.0,2021,7.1000000000000005
Amari Rodgers,WR,1.0,8.0,4.0,45.0,0.0,2.0,19.0,0.3,2.8,1.0,11.0,0.0,1.0,5.0,56.0,0.0,2021,3.6
Alex Erickson,WR,0.0,4.0,3.0,55.0,0.0,2.0,25.0,0.2,3.2,0.0,0.0,0.0,0.0,3.0,55.0,0.0,2021,7.0
Jacob Hollister,TE,2.0,14.0,9.0,55.0,1.0,2.0,11.0,1.3,7.9,0.0,0.0,0.0,0.0,9.0,55.0,1.0,2021,16.0
Trayveon Williams,RB,0.0,2.0,1.0,4.0,0.0,0.0,4.0,0.2,0.8,15.0,51.0,0.0,4.0,16.0,55.0,0.0,2021,6.000000000000001
Jaelon Darden,WR,0.0,12.0,6.0,43.0,0.0,1.0,29.0,0.7,4.8,1.0,11.0,0.0,1.0,7.0,54.0,0.0,2021,8.4
Tom Kennedy,WR,0.0,10.0,6.0,54.0,0.0,2.0,15.0,0.5,4.5,0.0,0.0,0.0,0.0,6.0,54.0,0.0,2021,8.4
Mike Thomas,WR,1.0,11.0,5.0,52.0,0.0,3.0,19.0,0.4,4.3,0.0,0.0,0.0,0.0,5.0,52.0,0.0,2021,7.7
Charlie Woerner,TE,3.0,6.0,5.0,52.0,0.0,3.0,27.0,0.3,3.1,0.0,0.0,0.0,0.0,5.0,52.0,0.0,2021,7.7
Ross Dwelley,TE,2.0,5.0,4.0,51.0,1.0,2.0,21.0,0.2,3.0,0.0,0.0,0.0,0.0,4.0,51.0,1.0,2021,13.1
Jason Huntley,RB,0.0,1.0,0.0,0.0,0.0,0.0,0.0,0.0,0.0,13.0,51.0,0.0,2.0,13.0,51.0,0.0,2021,5.1000000000000005
Dez Fitzpatrick,WR,0.0,8.0,5.0,49.0,1.0,4.0,18.0,1.3,12.3,0.0,0.0,0.0,0.0,5.0,49.0,1.0,2021,13.4
Rodney Smith,RB,0.0,5.0,5.0,48.0,0.0,2.0,17.0,2.5,24.0,0.0,0.0,0.0,0.0,5.0,48.0,0.0,2021,7.300000000000001
Antony Auclair,TE,13.0,5.0,5.0,47.0,1.0,2.0,15.0,0.3,2.9,0.0,0.0,0.0,0.0,5.0,47.0,1.0,2021,13.2
Joe Fortson,WR,0.0,5.0,5.0,47.0,2.0,3.0,27.0,0.8,7.8,0.0,0.0,0.0,0.0,5.0,47.0,2.0,2021,19.2
Eric Saubert,TE,4.0,12.0,8.0,47.0,1.0,2.0,11.0,0.5,2.8,0.0,0.0,0.0,0.0,8.0,47.0,1.0,2021,14.7
Wendell Smallwood,RB,0.0,5.0,4.0,22.0,0.0,0.0,7.0,1.3,7.3,5.0,25.0,0.0,2.0,9.0,47.0,0.0,2021,6.7
Tre' McKitty,TE,4.0,8.0,6.0,45.0,0.0,3.0,12.0,0.5,4.1,0.0,0.0,0.0,0.0,6.0,45.0,0.0,2021,7.5
J.J. Taylor,RB,0.0,4.0,4.0,8.0,0.0,0.0,5.0,0.8,1.6,19.0,37.0,2.0,3.0,23.0,45.0,2.0,2021,16.5
Kalen Ballage,RB,0.0,7.0,2.0,8.0,0.0,0.0,6.0,0.1,0.5,12.0,36.0,0.0,2.0,14.0,44.0,0.0,2021,5.4
Tommy Sweeney,TE,3.0,12.0,9.0,44.0,1.0,3.0,13.0,0.7,3.4,0.0,0.0,0.0,0.0,9.0,44.0,1.0,2021,12.9
Kristian Wilkerson,WR,1.0,8.0,4.0,42.0,2.0,2.0,20.0,1.3,14.0,0.0,0.0,0.0,0.0,4.0,42.0,2.0,2021,18.2
Chris Hogan,WR,1.0,8.0,4.0,41.0,1.0,2.0,16.0,0.8,8.2,0.0,0.0,0.0,0.0,4.0,41.0,1.0,2021,12.1
Trent Taylor,WR,0.0,3.0,2.0,41.0,0.0,2.0,26.0,0.5,10.3,0.0,0.0,0.0,0.0,2.0,41.0,0.0,2021,5.1000000000000005
Gunner Olszewski,WR,0.0,3.0,2.0,31.0,0.0,2.0,22.0,0.1,1.9,1.0,9.0,0.0,0.0,3.0,40.0,0.0,2021,-1.0
Greg Dortch,WR,2.0,3.0,3.0,15.0,0.0,0.0,10.0,0.6,3.0,1.0,24.0,0.0,1.0,4.0,39.0,0.0,2021,5.4
Garrett Griffin,TE,6.0,4.0,4.0,39.0,0.0,2.0,14.0,0.3,3.0,0.0,0.0,0.0,0.0,4.0,39.0,0.0,2021,3.9
Auden Tate,WR,0.0,4.0,3.0,39.0,1.0,3.0,18.0,0.4,5.6,0.0,0.0,0.0,0.0,3.0,39.0,1.0,2021,11.4
Curtis Samuel,WR,1.0,9.0,6.0,27.0,0.0,4.0,10.0,1.2,5.4,4.0,11.0,0.0,0.0,10.0,38.0,0.0,2021,6.800000000000001
Kevin White,WR,1.0,5.0,1.0,38.0,0.0,1.0,38.0,0.2,6.3,0.0,0.0,0.0,0.0,1.0,38.0,0.0,2021,4.300000000000001
Kendall Blanton,TE,2.0,7.0,4.0,37.0,0.0,2.0,23.0,0.4,3.4,0.0,0.0,0.0,0.0,4.0,37.0,0.0,2021,3.7
JJ Arcega-Whiteside,WR,2.0,5.0,2.0,36.0,0.0,2.0,23.0,0.1,2.3,0.0,0.0,0.0,0.0,2.0,36.0,0.0,2021,4.6
Pharoh Cooper,WR,0.0,11.0,4.0,33.0,0.0,1.0,15.0,0.5,4.1,1.0,3.0,0.0,0.0,5.0,36.0,0.0,2021,5.6000000000000005
Noah Gray,TE,1.0,10.0,7.0,36.0,1.0,2.0,8.0,0.4,2.3,0.0,0.0,0.0,0.0,7.0,36.0,1.0,2021,13.1
D.J. Montgomery,WR,0.0,6.0,3.0,36.0,0.0,2.0,14.0,1.0,12.0,0.0,0.0,0.0,0.0,3.0,36.0,0.0,2021,5.1
Kenny Yeboah,TE,0.0,3.0,2.0,36.0,0.0,2.0,24.0,0.2,4.0,0.0,0.0,0.0,0.0,2.0,36.0,0.0,2021,4.6
Tyler Davis,TE,0.0,5.0,4.0,35.0,0.0,1.0,22.0,0.3,2.5,0.0,0.0,0.0,0.0,4.0,35.0,0.0,2021,5.5
Trevon Wesco,TE,7.0,5.0,3.0,35.0,0.0,2.0,19.0,0.3,2.9,0.0,0.0,0.0,0.0,3.0,35.0,0.0,2021,5.0
Dominique Dafney,TE,2.0,4.0,2.0,34.0,0.0,2.0,26.0,0.2,3.4,0.0,0.0,0.0,0.0,2.0,34.0,0.0,2021,4.4
Trenton Irwin,WR,0.0,5.0,2.0,34.0,0.0,1.0,25.0,0.3,4.9,0.0,0.0,0.0,0.0,2.0,34.0,0.0,2021,4.4
Seth Williams,WR,1.0,1.0,1.0,34.0,0.0,1.0,34.0,0.5,17.0,0.0,0.0,0.0,0.0,1.0,34.0,0.0,2021,3.9
Shane Zylstra,TE,0.0,7.0,3.0,34.0,0.0,2.0,16.0,0.8,8.5,0.0,0.0,0.0,0.0,3.0,34.0,0.0,2021,4.9
Cody Hollister,WR,1.0,7.0,4.0,33.0,0.0,4.0,14.0,1.3,11.0,0.0,0.0,0.0,0.0,4.0,33.0,0.0,2021,5.300000000000001
Colby Parkinson,TE,1.0,8.0,5.0,33.0,0.0,2.0,12.0,0.4,2.4,0.0,0.0,0.0,0.0,5.0,33.0,0.0,2021,5.800000000000001
Kaden Smith,TE,4.0,3.0,3.0,33.0,0.0,1.0,21.0,0.3,3.7,0.0,0.0,0.0,0.0,3.0,33.0,0.0,2021,4.800000000000001
Cody White,WR,0.0,6.0,5.0,33.0,0.0,3.0,11.0,0.3,2.2,0.0,0.0,0.0,0.0,5.0,33.0,0.0,2021,5.800000000000001
Josh Gordon,WR,7.0,14.0,5.0,32.0,1.0,3.0,11.0,0.4,2.7,0.0,0.0,0.0,0.0,5.0,32.0,1.0,2021,11.7
Tommy Hudson,TE,0.0,6.0,3.0,31.0,0.0,2.0,14.0,0.6,6.2,0.0,0.0,0.0,0.0,3.0,31.0,0.0,2021,4.6
Deon Jackson,RB,0.0,0.0,0.0,0.0,0.0,0.0,0.0,0.0,0.0,13.0,31.0,1.0,2.0,13.0,31.0,1.0,2021,9.1
La'Mical Perine,RB,0.0,0.0,0.0,0.0,0.0,0.0,0.0,0.0,0.0,8.0,31.0,0.0,1.0,8.0,31.0,0.0,2021,3.1
Jeremy Sprinkle,TE,4.0,3.0,3.0,31.0,0.0,2.0,11.0,0.2,1.8,0.0,0.0,0.0,0.0,3.0,31.0,0.0,2021,4.6
Cameron Batson,WR,0.0,5.0,2.0,15.0,1.0,2.0,13.0,0.5,3.8,2.0,15.0,0.0,1.0,4.0,30.0,1.0,2021,10.0
Daniel Brown,WR,0.0,2.0,2.0,29.0,0.0,1.0,24.0,0.2,2.4,0.0,0.0,0.0,0.0,2.0,29.0,0.0,2021,3.9
JaQuan Hardy,RB,0.0,0.0,0.0,0.0,0.0,0.0,0.0,0.0,0.0,4.0,29.0,1.0,1.0,4.0,29.0,1.0,2021,8.9
Kylin Hill,RB,0.0,2.0,1.0,5.0,0.0,0.0,5.0,0.1,0.6,10.0,24.0,0.0,1.0,11.0,29.0,0.0,2021,3.4000000000000004
Jake Kumerow,WR,2.0,6.0,2.0,28.0,0.0,2.0,15.0,0.1,1.9,0.0,0.0,0.0,0.0,2.0,28.0,0.0,2021,3.8
Dwayne Washington,RB,0.0,2.0,2.0,12.0,0.0,0.0,6.0,0.1,0.9,4.0,16.0,0.0,0.0,6.0,28.0,0.0,2021,3.8
Sean McKeon,TE,2.0,6.0,4.0,27.0,1.0,2.0,12.0,0.4,3.0,0.0,0.0,0.0,0.0,4.0,27.0,1.0,2021,10.7
Will Fuller,WR,0.0,8.0,4.0,26.0,0.0,3.0,10.0,2.0,13.0,0.0,0.0,0.0,0.0,4.0,26.0,0.0,2021,4.6
Mike Strachan,WR,0.0,3.0,2.0,26.0,0.0,2.0,16.0,0.3,4.3,0.0,0.0,0.0,0.0,2.0,26.0,0.0,2021,3.6
Christian Blake,WR,0.0,9.0,4.0,25.0,0.0,2.0,8.0,0.3,1.6,0.0,0.0,0.0,0.0,4.0,25.0,0.0,2021,4.5
Marcus Kemp,WR,0.0,5.0,2.0,24.0,0.0,1.0,16.0,0.1,1.5,0.0,0.0,0.0,0.0,2.0,24.0,0.0,2021,3.4000000000000004
Dazz Newsome,WR,1.0,5.0,2.0,23.0,0.0,1.0,13.0,0.7,7.7,0.0,0.0,0.0,0.0,2.0,23.0,0.0,2021,3.3000000000000003
Jaylen Samuels,TE,0.0,4.0,3.0,14.0,0.0,1.0,6.0,1.0,4.7,5.0,9.0,0.0,0.0,8.0,23.0,0.0,2021,3.8
Tylan Wallace,WR,1.0,6.0,2.0,23.0,0.0,1.0,18.0,0.1,1.4,0.0,0.0,0.0,0.0,2.0,23.0,0.0,2021,3.3000000000000003
Scottie Phillips,RB,0.0,3.0,2.0,9.0,0.0,0.0,8.0,0.7,3.0,6.0,13.0,0.0,1.0,8.0,22.0,0.0,2021,3.2
Jack Stoll,TE,5.0,5.0,4.0,22.0,0.0,0.0,9.0,0.3,1.4,0.0,0.0,0.0,0.0,4.0,22.0,0.0,2021,4.2
Jesper Horsted,WR,0.0,3.0,2.0,21.0,2.0,2.0,19.0,0.3,3.0,0.0,0.0,0.0,0.0,2.0,21.0,2.0,2021,15.1
Patrick Laird,RB,0.0,3.0,3.0,17.0,0.0,2.0,10.0,0.5,2.8,1.0,4.0,0.0,0.0,4.0,21.0,0.0,2021,3.6
Dezmon Patmon,WR,0.0,4.0,2.0,21.0,1.0,1.0,14.0,0.3,2.6,0.0,0.0,0.0,0.0,2.0,21.0,1.0,2021,9.1
Nick Bawden,RB,1.0,1.0,1.0,20.0,0.0,1.0,20.0,0.1,2.2,0.0,0.0,0.0,0.0,1.0,20.0,0.0,2021,2.5
Raheem Mostert,RB,1.0,0.0,0.0,0.0,0.0,0.0,0.0,0.0,0.0,2.0,20.0,0.0,1.0,2.0,20.0,0.0,2021,2.0
Darrynton Evans,RB,0.0,2.0,2.0,11.0,0.0,1.0,6.0,2.0,11.0,2.0,7.0,0.0,0.0,4.0,18.0,0.0,2021,2.8000000000000003
Davion Davis,WR,1.0,3.0,1.0,17.0,0.0,1.0,17.0,0.5,8.5,0.0,0.0,0.0,0.0,1.0,17.0,0.0,2021,2.2
Keith Kirkwood,WR,0.0,7.0,3.0,17.0,0.0,1.0,7.0,1.0,5.7,0.0,0.0,0.0,0.0,3.0,17.0,0.0,2021,3.2
Chris Myarick,TE,3.0,6.0,3.0,17.0,1.0,2.0,10.0,0.4,2.1,0.0,0.0,0.0,0.0,3.0,17.0,1.0,2021,9.2
David Sills,WR,1.0,6.0,2.0,17.0,0.0,1.0,12.0,0.5,4.3,0.0,0.0,0.0,0.0,2.0,17.0,0.0,2021,2.7
Reggie Bonnafon,RB,0.0,2.0,2.0,12.0,0.0,1.0,6.0,0.5,3.0,1.0,4.0,0.0,0.0,3.0,16.0,0.0,2021,2.6
Cethan Carter,TE,1.0,2.0,2.0,16.0,0.0,0.0,8.0,0.1,1.0,0.0,0.0,0.0,0.0,2.0,16.0,0.0,2021,2.6
Derek Watt,RB,4.0,3.0,3.0,15.0,0.0,0.0,9.0,0.2,0.9,1.0,1.0,0.0,1.0,4.0,16.0,0.0,2021,3.1
Mitchell Wilcox,TE,1.0,5.0,3.0,16.0,0.0,0.0,8.0,0.2,1.1,0.0,0.0,0.0,0.0,3.0,16.0,0.0,2021,3.1
Trey Ragas,RB,0.0,2.0,2.0,6.0,0.0,0.0,4.0,2.0,6.0,1.0,9.0,0.0,1.0,3.0,15.0,0.0,2021,2.5
Frank Darby,WR,0.0,4.0,1.0,14.0,0.0,1.0,14.0,0.1,1.4,0.0,0.0,0.0,0.0,1.0,14.0,0.0,2021,1.9
Anthony McFarland Jr.,RB,0.0,1.0,1.0,11.0,0.0,1.0,11.0,0.5,5.5,3.0,3.0,0.0,0.0,4.0,14.0,0.0,2021,1.9
Stanley Morgan Jr.,WR,1.0,4.0,2.0,11.0,0.0,0.0,8.0,0.1,0.6,1.0,3.0,0.0,0.0,3.0,14.0,0.0,2021,2.4000000000000004
Malik Taylor,WR,0.0,3.0,2.0,14.0,0.0,1.0,7.0,0.2,1.4,0.0,0.0,0.0,0.0,2.0,14.0,0.0,2021,0.4000000000000003
Tyrell Williams,WR,1.0,3.0,2.0,14.0,0.0,1.0,7.0,2.0,14.0,0.0,0.0,0.0,0.0,2.0,14.0,0.0,2021,2.4000000000000004
Cam Akers,RB,0.0,3.0,3.0,10.0,0.0,0.0,6.0,3.0,10.0,5.0,3.0,0.0,0.0,8.0,13.0,0.0,2021,2.8
Derek Carrier,TE,1.0,2.0,2.0,13.0,0.0,0.0,9.0,0.4,2.6,0.0,0.0,0.0,0.0,2.0,13.0,0.0,2021,2.3
Andy Isabella,WR,0.0,1.0,1.0,13.0,0.0,1.0,13.0,0.1,1.6,0.0,0.0,0.0,0.0,1.0,13.0,0.0,2021,1.8
John Kelly,RB,0.0,0.0,0.0,0.0,0.0,0.0,0.0,0.0,0.0,2.0,13.0,0.0,1.0,2.0,13.0,0.0,2021,1.3
Kirk Merritt,WR,0.0,3.0,1.0,13.0,0.0,1.0,13.0,0.5,6.5,0.0,0.0,0.0,0.0,1.0,13.0,0.0,2021,1.8
Jacques Patrick,RB,0.0,0.0,0.0,0.0,0.0,0.0,0.0,0.0,0.0,2.0,12.0,0.0,1.0,2.0,12.0,0.0,2021,1.2000000000000002
Johnny Stanton,RB,0.0,2.0,2.0,7.0,1.0,1.0,6.0,0.5,1.8,3.0,5.0,0.0,2.0,5.0,12.0,1.0,2021,8.2
Luke Stocker,TE,0.0,2.0,2.0,12.0,0.0,0.0,7.0,0.2,1.0,0.0,0.0,0.0,0.0,2.0,12.0,0.0,2021,2.2
Buddy Howell,RB,0.0,0.0,0.0,0.0,0.0,0.0,0.0,0.0,0.0,5.0,11.0,0.0,0.0,5.0,11.0,0.0,2021,1.1
Richard Rodgers,TE,0.0,2.0,2.0,11.0,0.0,0.0,9.0,0.7,3.7,0.0,0.0,0.0,0.0,2.0,11.0,0.0,2021,2.1
C.J. Saunders,WR,0.0,2.0,2.0,11.0,0.0,1.0,8.0,1.0,5.5,0.0,0.0,0.0,0.0,2.0,11.0,0.0,2021,2.1
Tarik Black,WR,0.0,2.0,1.0,10.0,0.0,1.0,10.0,1.0,10.0,0.0,0.0,0.0,0.0,1.0,10.0,0.0,2021,1.5
Khari Blasingame,RB,3.0,2.0,2.0,4.0,0.0,0.0,5.0,0.2,0.4,3.0,6.0,0.0,1.0,5.0,10.0,0.0,2021,0.0
Gary Brightwell,RB,0.0,1.0,1.0,6.0,0.0,0.0,6.0,0.1,0.5,1.0,4.0,0.0,0.0,2.0,10.0,0.0,2021,1.5
Marvin Hall,WR,0.0,1.0,1.0,10.0,0.0,1.0,10.0,0.5,5.0,0.0,0.0,0.0,0.0,1.0,10.0,0.0,2021,1.5
Demetrius Harris,TE,4.0,6.0,3.0,10.0,0.0,0.0,7.0,0.2,0.7,0.0,0.0,0.0,0.0,3.0,10.0,0.0,2021,2.5
Brycen Hopkins,TE,0.0,1.0,1.0,9.0,0.0,1.0,9.0,0.2,1.8,0.0,0.0,0.0,0.0,1.0,9.0,0.0,2021,1.4
Andy Janovich,RB,3.0,4.0,3.0,9.0,0.0,1.0,3.0,0.2,0.7,2.0,0.0,1.0,1.0,5.0,9.0,1.0,2021,8.4
Johnny Mundt,TE,0.0,1.0,1.0,9.0,0.0,1.0,9.0,0.2,1.5,0.0,0.0,0.0,0.0,1.0,9.0,0.0,2021,1.4
Hunter Long,TE,2.0,3.0,1.0,8.0,0.0,0.0,8.0,0.1,1.1,0.0,0.0,0.0,0.0,1.0,8.0,0.0,2021,1.3
Racey McMath,WR,0.0,6.0,2.0,8.0,0.0,0.0,9.0,0.2,0.9,0.0,0.0,0.0,0.0,2.0,8.0,0.0,2021,-0.1999999999999999
Ryan Nall,RB,0.0,1.0,1.0,4.0,0.0,0.0,4.0,0.1,0.4,1.0,4.0,0.0,0.0,2.0,8.0,0.0,2021,1.3
Kevin Rader,TE,1.0,3.0,2.0,8.0,0.0,0.0,7.0,0.3,1.3,0.0,0.0,0.0,0.0,2.0,8.0,0.0,2021,1.8
Ethan Wolf,TE,1.0,2.0,2.0,8.0,0.0,0.0,4.0,1.0,4.0,0.0,0.0,0.0,0.0,2.0,8.0,0.0,2021,1.8
Damarea Crockett,RB,0.0,0.0,0.0,0.0,0.0,0.0,0.0,0.0,0.0,3.0,7.0,0.0,0.0,3.0,7.0,0.0,2021,0.7000000000000001
Tommylee Lewis,WR,0.0,2.0,1.0,7.0,0.0,1.0,7.0,0.5,3.5,0.0,0.0,0.0,0.0,1.0,7.0,0.0,2021,1.2000000000000002
Eric Tomlinson,TE,7.0,1.0,1.0,7.0,0.0,0.0,7.0,0.1,0.4,0.0,0.0,0.0,0.0,1.0,7.0,0.0,2021,1.2000000000000002
Miles Boykin,WR,0.0,1.0,1.0,6.0,0.0,0.0,6.0,0.1,0.8,0.0,0.0,0.0,0.0,1.0,6.0,0.0,2021,1.1
Keke Coutee,WR,0.0,1.0,1.0,5.0,0.0,0.0,5.0,0.5,2.5,0.0,0.0,0.0,0.0,1.0,5.0,0.0,2021,1.0
Jake Funk,RB,0.0,0.0,0.0,0.0,0.0,0.0,0.0,0.0,0.0,2.0,5.0,0.0,0.0,2.0,5.0,0.0,2021,0.5
Easop Winston,WR,1.0,1.0,1.0,5.0,0.0,0.0,5.0,0.3,1.7,0.0,0.0,0.0,0.0,1.0,5.0,0.0,2021,1.0
Ito Smith,RB,0.0,0.0,0.0,0.0,0.0,0.0,0.0,0.0,0.0,1.0,4.0,1.0,1.0,1.0,4.0,1.0,2021,6.4
Nathan Cottrell,RB,0.0,0.0,0.0,0.0,0.0,0.0,0.0,0.0,0.0,1.0,3.0,0.0,0.0,1.0,3.0,0.0,2021,0.3
Maurice Ffrench,WR,0.0,0.0,0.0,0.0,0.0,0.0,0.0,0.0,0.0,1.0,3.0,0.0,0.0,1.0,3.0,0.0,2021,0.3
Nick Boyle,TE,3.0,2.0,1.0,2.0,0.0,0.0,2.0,0.2,0.4,0.0,0.0,0.0,0.0,1.0,2.0,0.0,2021,0.7
